{"cameraMode":{"drawMode":0,"name":"Shaded","section":"Shading Mode"},"sceneLighting":true,"audioPlay":false,"sceneViewState":{"showFog":true,"showMaterialUpdate":false,"showSkybox":true,"showFlares":true,"showImageEffects":true,"showParticleSystems":true},"in2DMode":false,"pivot":{"x":-1.932373046875,"y":13.50244140625,"z":2.2558555603027345},"rotation":{"x":0.3822895586490631,"y":0.5916289687156677,"z":-0.37547025084495547,"w":0.6023743152618408},"size":1.920312523841858,"orthographic":true}